{"version":2,"languages":{"bun":{"specfileHash":"32991b75897b14c8d4497db3c914be2b","lockfileHash":"932c1296cce123aa682ae00c18ba1262","guessedImports":["@replit/vite-plugin-shadcn-theme-json","tailwindcss","@tailwindcss/typography","vite","@vitejs/plugin-react","@replit/vite-plugin-runtime-error-modal","drizzle-kit","tailwindcss-animate"],"guessedImportsHash":"36ddde7162d77428665ff0a9fbe22ced"},"nodejs-npm":{"specfileHash":"2e59fd20a685b3f3bbad38cd059f4c1d","lockfileHash":"363cf56f258b6c7818899a93d1ae64d1","guessedImports":["@tailwindcss/typography","drizzle-kit","@vitejs/plugin-react","tailwindcss","tailwindcss-animate","@replit/vite-plugin-runtime-error-modal","vite","@replit/vite-plugin-shadcn-theme-json"],"guessedImportsHash":"f5c4962c77b07aaca381a3348c9292c8"}}}
